date,city,max_temp_c,min_temp_c,day_name
2026-10-06,Bhopal,34,21,Tuesday
2026-10-07,Bhopal,33,22,Wednesday
2026-10-08,Bhopal,33,23,Thursday
2026-10-09,Bhopal,33,23,Friday
2026-10-10,Bhopal,33,23,Saturday
2026-10-11,Bhopal,33,23,Sunday
2026-10-12,Bhopal,34,23,Monday
2026-10-06,Delhi,36,26,Tuesday
2026-10-07,Delhi,36,24,Wednesday
2026-10-08,Delhi,37,29,Thursday
2026-10-09,Delhi,37,29,Friday
2026-10-10,Delhi,36,29,Saturday
2026-10-11,Delhi,36,27,Sunday
2026-10-12,Delhi,37,28,Monday
2026-10-13,Delhi,37,28,Tuesday
2026-10-06,Mumbai,29,27,Tuesday
2026-10-07,Mumbai,29,27,Wednesday
2026-10-08,Mumbai,31,28,Thursday
2026-10-09,Mumbai,29,28,Friday
2026-10-10,Mumbai,29,28,Saturday
2026-10-11,Mumbai,30,28,Sunday
2026-10-12,Mumbai,32,28,Monday
2026-10-13,Mumbai,32,29,Tuesday
2026-10-06,Bengaluru,27,22,Tuesday
2026-10-07,Bengaluru,27,21,Wednesday
2026-10-08,Bengaluru,30,20,Thursday
2026-10-09,Bengaluru,28,21,Friday
2026-10-10,Bengaluru,29,21,Saturday
2026-10-11,Bengaluru,30,20,Sunday
2026-10-12,Bengaluru,29,19,Monday
2026-10-13,Bengaluru,30,19,Tuesday
2026-10-06,Kolkata,35,26,Tuesday
2026-10-07,Kolkata,34,26,Wednesday
2026-10-08,Kolkata,32,25,Thursday
2026-10-09,Kolkata,32,24,Friday
2026-10-10,Kolkata,33,25,Saturday
2026-10-11,Kolkata,33,27,Sunday
2026-10-12,Kolkata,34,26,Monday
2026-10-13,Kolkata,34,25,Tuesday
